datetime,P1,P2,P3,P4,P5,P6
2021-09-04 00:00:57,0.02,2.77,2.0,181.0,189.0,1060.0
2021-09-04 00:01:58,0.02,2.76,2.0,181.0,189.0,1060.0
2021-09-04 00:02:58,0.02,2.75,2.0,181.0,189.0,1060.0
2021-09-04 00:03:59,0.02,2.75,3.0,181.0,189.0,1060.0
2021-09-04 00:04:59,0.02,2.74,2.0,181.0,189.0,1060.0
2021-09-04 00:06:00,0.02,2.74,2.0,181.0,189.0,1060.0
2021-09-04 00:07:00,0.02,2.76,2.0,181.0,189.0,1060.0
2021-09-04 00:08:01,0.02,2.75,2.0,181.0,188.0,1060.0
2021-09-04 00:09:01,0.02,2.74,3.0,181.0,188.0,1060.0
2021-09-04 00:10:02,0.02,2.77,2.0,181.0,189.0,1060.0
2021-09-04 00:11:02,0.02,2.75,3.0,181.0,189.0,1060.0
2021-09-04 00:12:03,0.02,2.75,3.0,181.0,189.0,1060.0
2021-09-04 00:13:03,0.02,2.75,2.0,181.0,189.0,1060.0
2021-09-04 00:14:04,0.02,2.74,2.0,181.0,189.0,1060.0
2021-09-04 00:15:04,0.02,2.73,2.0,181.0,189.0,1060.0
2021-09-04 00:16:05,0.02,2.75,2.0,181.0,189.0,1060.0
2021-09-04 00:17:05,0.02,2.74,3.0,181.0,189.0,1060.0
2021-09-04 00:18:06,0.02,2.76,3.0,181.0,189.0,1060.0
2021-09-04 00:19:06,0.02,2.74,2.0,181.0,189.0,1060.0
2021-09-04 00:20:07,0.02,2.75,2.0,181.0,189.0,1060.0
2021-09-04 00:21:07,0.02,2.75,2.0,181.0,189.0,1060.0
2021-09-04 00:22:08,0.02,2.77,3.0,181.0,188.0,1060.0
2021-09-04 00:23:08,0.02,2.77,2.0,181.0,189.0,1060.0
2021-09-04 00:24:09,0.02,2.73,3.0,181.0,188.0,1060.0
2021-09-04 00:25:09,0.02,2.74,3.0,181.0,188.0,1060.0
2021-09-04 00:26:10,0.02,2.74,2.0,181.0,189.0,1060.0
2021-09-04 00:27:10,0.02,2.75,3.0,181.0,189.0,1060.0
2021-09-04 00:28:10,0.02,2.76,3.0,181.0,189.0,1060.0
2021-09-04 00:29:11,0.02,2.73,3.0,181.0,189.0,1060.0
2021-09-04 00:30:11,0.02,2.76,3.0,181.0,189.0,1060.0
2021-09-04 00:31:12,0.02,2.74,3.0,181.0,189.0,1060.0
2021-09-04 00:32:13,0.02,2.73,3.0,181.0,189.0,1060.0
2021-09-04 00:33:13,0.02,2.74,3.0,181.0,188.0,1060.0
2021-09-04 00:34:14,0.02,2.75,3.0,181.0,188.0,1060.0
2021-09-04 00:35:14,0.02,2.76,2.0,181.0,188.0,1060.0
2021-09-04 00:36:14,0.02,2.74,2.0,181.0,189.0,1060.0
2021-09-04 00:37:15,0.02,2.73,2.0,181.0,188.0,1060.0
2021-09-04 00:38:16,0.02,2.76,2.0,181.0,188.0,1060.0
2021-09-04 00:39:16,0.02,2.76,2.0,181.0,189.0,1060.0
2021-09-04 00:40:16,0.02,2.76,2.0,181.0,189.0,1060.0
2021-09-04 00:41:17,0.02,2.74,2.0,181.0,189.0,1060.0
2021-09-04 00:42:17,0.02,2.74,2.0,181.0,189.0,1060.0
2021-09-04 00:43:18,0.02,2.74,3.0,181.0,189.0,1060.0
2021-09-04 00:44:18,0.02,2.75,2.0,181.0,189.0,1060.0
2021-09-04 00:45:19,0.02,2.74,3.0,181.0,189.0,1060.0
2021-09-04 00:46:19,0.02,2.72,3.0,181.0,189.0,1060.0
2021-09-04 00:47:20,0.02,2.71,3.0,181.0,189.0,1060.0
2021-09-04 00:48:20,0.02,2.71,2.0,181.0,189.0,1060.0
2021-09-04 00:49:21,0.02,2.7,3.0,181.0,189.0,1060.0
2021-09-04 00:50:21,0.02,2.73,3.0,181.0,189.0,1060.0
2021-09-04 00:51:22,0.02,2.69,3.0,181.0,189.0,1060.0
2021-09-04 00:52:22,0.02,2.67,2.0,181.0,189.0,1060.0
2021-09-04 00:53:23,0.02,2.67,3.0,181.0,189.0,1060.0
2021-09-04 00:54:23,0.02,2.65,2.0,181.0,188.0,1060.0
2021-09-04 00:55:24,0.02,2.65,2.0,181.0,188.0,1060.0
2021-09-04 00:56:24,0.02,2.62,2.0,181.0,189.0,1060.0
2021-09-04 00:57:24,0.02,2.6,2.0,181.0,188.0,1060.0
2021-09-04 00:58:25,0.02,2.6,3.0,181.0,189.0,1060.0
2021-09-04 00:59:25,0.02,2.6,2.0,181.0,188.0,1060.0
2021-09-04 01:00:26,0.02,2.58,2.0,181.0,188.0,1060.0
2021-09-04 01:01:27,0.02,2.56,2.0,181.0,189.0,689.0
2021-09-04 01:02:27,0.02,2.55,2.0,181.0,188.0,396.0
2021-09-04 01:03:27,0.02,2.54,2.0,181.0,189.0,228.0
2021-09-04 01:04:28,0.02,2.52,2.0,181.0,189.0,130.0
2021-09-04 01:05:28,0.02,2.49,2.0,181.0,189.0,75.3
2021-09-04 01:06:29,0.02,2.49,2.0,181.0,189.0,43.6
2021-09-04 01:07:29,0.02,2.5,2.0,181.0,188.0,25.8
2021-09-04 01:08:30,0.02,2.51,2.0,181.0,188.0,15.7
2021-09-04 01:09:30,0.02,2.5,2.0,181.0,189.0,10.6
2021-09-04 01:10:31,0.02,2.49,2.0,181.0,189.0,7.92
2021-09-04 01:11:31,0.02,2.48,2.0,181.0,189.0,6.05
2021-09-04 01:12:32,0.02,2.48,2.0,181.0,189.0,4.75
2021-09-04 01:13:32,0.02,2.48,2.0,181.0,189.0,3.79
2021-09-04 01:14:33,2.76,2.48,2.0,181.0,189.0,3.18
2021-09-04 01:15:33,2.3,2.5,2.0,181.0,189.0,2.66
2021-09-04 01:16:34,1.95,2.49,2.0,181.0,189.0,2.29
2021-09-04 01:17:35,1.78,2.47,2.0,181.0,188.0,2.09
2021-09-04 01:18:35,1.53,2.46,3.0,181.0,188.0,1.76
2021-09-04 01:19:36,0.752,2.48,3.0,181.0,188.0,0.802
2021-09-04 01:20:36,0.17300000000000001,2.48,2.0,181.0,189.0,0.128
2021-09-04 01:21:37,0.11599999999999999,2.45,2.0,181.0,189.0,0.0766
2021-09-04 01:22:38,0.0973,2.44,2.0,181.0,189.0,0.0625
2021-09-04 01:23:38,0.0835,2.46,2.0,181.0,188.0,0.0533
2021-09-04 01:24:39,0.0742,2.48,2.0,181.0,189.0,0.0466
2021-09-04 01:25:39,0.0674,2.48,2.0,181.0,189.0,0.042
2021-09-04 01:26:40,0.0628,2.45,2.0,181.0,189.0,0.0383
2021-09-04 01:27:40,0.0578,2.45,3.0,181.0,188.0,0.0353
2021-09-04 01:28:41,0.0544,2.48,2.0,181.0,188.0,0.0328
2021-09-04 01:29:42,0.0515,2.46,2.0,181.0,188.0,0.031
2021-09-04 01:30:42,0.0492,2.46,2.0,181.0,189.0,0.0295
2021-09-04 01:31:43,0.0474,2.44,2.0,181.0,189.0,0.0283
2021-09-04 01:32:44,0.0457,2.46,2.0,181.0,189.0,0.0271
2021-09-04 01:33:44,0.0442,2.47,2.0,181.0,189.0,0.0261
2021-09-04 01:34:44,0.0431,2.47,2.0,181.0,189.0,0.0252
2021-09-04 01:35:45,0.0421,2.48,2.0,181.0,188.0,0.0244
2021-09-04 01:36:46,0.0412,2.46,2.0,181.0,188.0,0.0238
2021-09-04 01:37:46,0.0401,2.46,2.0,181.0,189.0,0.0233
2021-09-04 01:38:47,0.0391,2.45,2.0,181.0,189.0,0.0227
2021-09-04 01:39:47,0.0384,2.45,2.0,181.0,189.0,0.0223
2021-09-04 01:40:48,0.0375,2.49,2.0,181.0,189.0,0.0219
2021-09-04 01:41:49,0.0369,2.44,2.0,181.0,189.0,0.0215
2021-09-04 01:42:49,0.0362,2.46,2.0,181.0,189.0,0.0211
2021-09-04 01:43:50,0.0357,2.46,2.0,181.0,189.0,0.0208
2021-09-04 01:44:51,0.0353,2.47,2.0,181.0,189.0,0.0205
2021-09-04 01:45:52,0.0348,2.44,2.0,181.0,189.0,0.0202
2021-09-04 01:46:52,0.0343,2.46,2.0,181.0,189.0,0.02
2021-09-04 01:47:53,0.0339,2.46,2.0,181.0,189.0,0.0197
2021-09-04 01:48:54,0.0334,2.46,2.0,181.0,189.0,0.0195
2021-09-04 01:49:55,0.0331,2.46,2.0,181.0,189.0,0.0193
2021-09-04 01:50:55,0.0327,2.48,2.0,181.0,189.0,0.0191
2021-09-04 01:51:56,0.0324,2.45,2.0,181.0,189.0,0.0188
2021-09-04 01:52:57,0.0321,2.45,2.0,181.0,189.0,0.0187
2021-09-04 01:53:57,0.0317,2.45,2.0,181.0,189.0,0.0185
2021-09-04 01:54:58,0.0314,2.45,2.0,181.0,189.0,0.0184
2021-09-04 01:55:59,0.0312,2.46,2.0,181.0,189.0,0.0182
2021-09-04 01:56:59,0.0309,2.45,2.0,181.0,189.0,0.018
2021-09-04 01:58:00,0.0305,2.44,2.0,181.0,189.0,0.0179
2021-09-04 01:59:01,0.0304,2.47,2.0,181.0,189.0,0.0177
2021-09-04 02:00:01,0.0301,2.45,3.0,181.0,189.0,0.0176
2021-09-04 02:01:02,0.0297,2.46,1.0,181.0,189.0,0.0173
2021-09-04 02:02:03,0.0294,2.47,-1.0,181.0,189.0,0.0171
2021-09-04 02:03:03,0.029,2.46,-2.0,181.0,189.0,0.0168
2021-09-04 02:04:04,0.0288,2.47,-3.0,182.0,189.0,0.0166
2021-09-04 02:05:05,0.0258,2.48,-4.0,181.0,189.0,0.0145
2021-09-04 02:06:06,0.0151,2.46,-4.0,181.0,189.0,0.00793
2021-09-04 02:07:06,0.00847,2.46,-4.0,181.0,189.0,0.0039299999999999995
2021-09-04 02:08:07,0.00488,2.46,-5.0,181.0,189.0,0.00225
2021-09-04 02:09:08,0.00307,2.47,-5.0,182.0,189.0,0.00137
2021-09-04 02:10:09,0.00215,2.46,-4.0,181.0,189.0,0.000987
2021-09-04 02:11:09,0.0015199999999999999,2.45,-5.0,182.0,189.0,0.000692
2021-09-04 02:12:10,0.0011,2.45,-5.0,181.0,189.0,0.000551
2021-09-04 02:13:11,0.0008759999999999999,2.48,-4.0,181.0,189.0,0.0005009999999999999
2021-09-04 02:14:11,0.000742,2.48,-5.0,181.0,189.0,0.0005009999999999999
2021-09-04 02:15:12,0.00065,2.47,-5.0,181.0,189.0,0.0005009999999999999
2021-09-04 02:16:13,0.000585,2.49,-5.0,181.0,189.0,0.0005009999999999999
2021-09-04 02:17:13,0.000539,2.46,-5.0,181.0,189.0,0.0005009999999999999
2021-09-04 02:18:14,0.000502,2.48,-5.0,181.0,189.0,0.0005009999999999999
2021-09-04 02:19:15,0.00047599999999999997,2.48,-4.0,181.0,189.0,0.0005009999999999999
2021-09-04 02:20:15,0.00045599999999999997,2.48,-5.0,181.0,189.0,0.0005009999999999999
2021-09-04 02:21:16,0.00043499999999999995,2.49,-5.0,181.0,189.0,0.0005009999999999999
2021-09-04 02:22:17,0.00042199999999999996,2.47,-5.0,181.0,189.0,0.0005009999999999999
2021-09-04 02:23:17,0.000404,2.47,-5.0,181.0,189.0,0.0005009999999999999
2021-09-04 02:24:18,0.000388,2.47,-5.0,181.0,189.0,0.0005009999999999999
2021-09-04 02:25:19,0.00037200000000000004,2.48,-5.0,181.0,189.0,0.0005009999999999999
2021-09-04 02:26:19,0.00036,2.47,-5.0,181.0,189.0,0.0005009999999999999
2021-09-04 02:27:20,0.00034500000000000004,2.52,-5.0,181.0,189.0,0.0005009999999999999
2021-09-04 02:28:21,0.00033,2.48,-5.0,181.0,189.0,0.0005009999999999999
2021-09-04 02:29:21,0.000317,2.5,-5.0,181.0,189.0,0.0005009999999999999
2021-09-04 02:30:22,0.000308,2.49,-4.0,181.0,189.0,0.0005009999999999999
2021-09-04 02:31:23,0.0003,2.48,-5.0,181.0,189.0,0.0005009999999999999
2021-09-04 02:32:23,0.000293,2.5,-5.0,181.0,189.0,0.0005009999999999999
2021-09-04 02:33:24,0.000286,2.47,-5.0,181.0,189.0,0.0005009999999999999
2021-09-04 02:34:25,0.000279,2.49,-5.0,181.0,189.0,0.0005009999999999999
2021-09-04 02:35:25,0.00027400000000000005,2.48,-5.0,181.0,189.0,0.0005009999999999999
2021-09-04 02:36:26,0.000269,2.48,-5.0,181.0,189.0,0.0005009999999999999
2021-09-04 02:37:27,0.000266,2.49,-4.0,181.0,189.0,0.0005009999999999999
2021-09-04 02:38:28,0.000262,2.47,-4.0,181.0,189.0,0.0005009999999999999
2021-09-04 02:39:28,0.000259,2.5,-5.0,181.0,189.0,0.0005009999999999999
2021-09-04 02:40:29,0.00025499999999999996,2.49,-5.0,181.0,189.0,0.0005009999999999999
2021-09-04 02:41:30,0.000252,2.48,-5.0,181.0,189.0,0.0005009999999999999
2021-09-04 02:42:30,0.00024700000000000004,2.48,-5.0,181.0,189.0,0.0005009999999999999
2021-09-04 02:43:31,0.00024300000000000002,2.5,-5.0,182.0,189.0,0.0005009999999999999
2021-09-04 02:44:32,0.000239,2.49,-5.0,181.0,189.0,0.0005009999999999999
2021-09-04 02:45:33,0.000236,2.49,-5.0,181.0,189.0,0.0005009999999999999
2021-09-04 02:46:33,0.00023799999999999998,2.46,-5.0,181.0,189.0,0.0005009999999999999
2021-09-04 02:47:34,0.00023700000000000001,2.46,-5.0,182.0,189.0,0.0005009999999999999
2021-09-04 02:48:35,0.000231,2.48,-5.0,181.0,189.0,0.0005009999999999999
2021-09-04 02:49:35,0.000226,2.5,-4.0,181.0,189.0,0.0005009999999999999
2021-09-04 02:50:36,0.000221,2.47,-4.0,182.0,189.0,0.0005009999999999999
2021-09-04 02:51:37,0.000218,2.49,-4.0,181.0,189.0,0.0005009999999999999
2021-09-04 02:52:37,0.000215,2.48,-5.0,181.0,189.0,0.0005009999999999999
2021-09-04 02:53:38,0.000213,2.47,-4.0,181.0,189.0,0.0005009999999999999
2021-09-04 02:54:39,0.00021,2.49,-5.0,181.0,189.0,0.0005009999999999999
2021-09-04 02:55:39,0.00020800000000000001,2.48,-5.0,182.0,189.0,0.0005009999999999999
2021-09-04 02:56:40,0.000206,2.46,-5.0,182.0,189.0,0.0005009999999999999
2021-09-04 02:57:41,0.000204,2.47,-5.0,181.0,189.0,0.0005009999999999999
2021-09-04 02:58:41,0.000202,2.49,-5.0,181.0,189.0,0.0005009999999999999
2021-09-04 02:59:42,0.0002,2.49,-5.0,181.0,189.0,0.0005009999999999999
2021-09-04 03:00:43,0.000198,2.48,-4.0,181.0,189.0,0.0005009999999999999
2021-09-04 03:01:43,0.000196,2.48,-4.0,181.0,189.0,0.0005009999999999999
2021-09-04 03:02:44,0.000193,2.49,-5.0,181.0,189.0,0.0005009999999999999
2021-09-04 03:03:45,0.000192,2.47,-5.0,181.0,189.0,0.0005009999999999999
2021-09-04 03:04:45,0.00018999999999999998,2.46,-5.0,181.0,189.0,0.0005009999999999999
2021-09-04 03:05:46,0.00018899999999999999,2.51,-4.0,181.0,189.0,0.0005009999999999999
2021-09-04 03:06:47,0.000188,2.51,-4.0,181.0,189.0,0.0005009999999999999
2021-09-04 03:07:48,0.00018600000000000002,2.49,-5.0,181.0,189.0,0.0005009999999999999
2021-09-04 03:08:48,0.000184,2.46,-5.0,181.0,189.0,0.0005009999999999999
2021-09-04 03:09:49,0.000182,2.48,-4.0,182.0,189.0,0.0005009999999999999
2021-09-04 03:10:50,0.00018,2.51,-4.0,181.0,189.0,0.0005009999999999999
2021-09-04 03:11:50,0.00017900000000000001,2.48,-5.0,181.0,189.0,0.0005009999999999999
2021-09-04 03:12:51,0.000176,2.48,-5.0,181.0,189.0,0.0005009999999999999
2021-09-04 03:13:52,0.000175,2.48,-5.0,181.0,189.0,0.0005009999999999999
2021-09-04 03:14:52,0.000172,2.48,-4.0,181.0,189.0,0.0005009999999999999
2021-09-04 03:15:53,0.00016999999999999999,2.48,-5.0,181.0,189.0,0.0005009999999999999
2021-09-04 03:16:54,0.000169,2.46,-5.0,181.0,189.0,0.0005009999999999999
2021-09-04 03:17:54,0.000167,2.46,-4.0,181.0,189.0,0.0005009999999999999
2021-09-04 03:18:55,0.000164,2.47,-4.0,181.0,189.0,0.0005009999999999999
2021-09-04 03:19:56,0.000162,2.48,-5.0,181.0,189.0,0.0005009999999999999
2021-09-04 03:20:56,0.00016,2.48,-5.0,181.0,189.0,0.0005009999999999999
2021-09-04 03:21:57,0.00015800000000000002,2.46,-4.0,181.0,189.0,0.0005009999999999999
2021-09-04 03:22:58,0.000156,2.47,-4.0,181.0,189.0,0.0005009999999999999
2021-09-04 03:23:58,0.000154,2.48,-4.0,182.0,189.0,0.0005009999999999999
2021-09-04 03:24:59,0.000153,2.48,-5.0,181.0,189.0,0.0005009999999999999
2021-09-04 03:26:00,0.000151,2.49,-4.0,181.0,189.0,0.0005009999999999999
2021-09-04 03:27:01,0.00015,2.48,-4.0,181.0,189.0,0.0005009999999999999
2021-09-04 03:28:01,0.000148,2.45,-4.0,181.0,189.0,0.0005009999999999999
2021-09-04 03:29:02,0.000146,2.49,-4.0,181.0,189.0,0.0005009999999999999
2021-09-04 03:30:03,0.000145,2.48,-4.0,181.0,189.0,0.0005009999999999999
2021-09-04 03:31:03,0.000143,2.45,-4.0,181.0,189.0,0.0005009999999999999
2021-09-04 03:32:04,0.00014199999999999998,2.46,-4.0,181.0,189.0,0.0005009999999999999
2021-09-04 03:33:05,0.00014099999999999998,2.48,-5.0,181.0,189.0,0.0005009999999999999
2021-09-04 03:34:06,0.000139,2.45,-5.0,181.0,189.0,0.0005009999999999999
2021-09-04 03:35:06,0.000138,2.51,-4.0,181.0,189.0,0.0005009999999999999
2021-09-04 03:36:07,0.00013700000000000002,2.49,-4.0,181.0,189.0,0.0005009999999999999
2021-09-04 03:37:07,0.000136,2.47,-4.0,181.0,189.0,0.0005009999999999999
2021-09-04 03:38:08,0.000135,2.49,-4.0,181.0,189.0,0.0005009999999999999
2021-09-04 03:39:09,0.000133,2.48,-4.0,181.0,189.0,0.0005009999999999999
2021-09-04 03:40:10,0.000132,2.48,-4.0,181.0,189.0,0.0005009999999999999
2021-09-04 03:41:10,0.00013000000000000002,2.49,-5.0,181.0,189.0,0.0005009999999999999
2021-09-04 03:42:11,0.000129,2.49,-4.0,181.0,189.0,0.0005009999999999999
2021-09-04 03:43:12,0.000128,2.45,-4.0,181.0,189.0,0.0005009999999999999
2021-09-04 03:44:12,0.000127,2.51,-4.0,181.0,189.0,0.0005009999999999999
2021-09-04 03:45:13,0.000126,2.49,-4.0,181.0,189.0,0.0005009999999999999
2021-09-04 03:46:13,0.000125,2.48,-4.0,181.0,189.0,0.0005009999999999999
2021-09-04 03:47:14,0.000124,2.47,-4.0,181.0,189.0,0.0005009999999999999
2021-09-04 03:48:15,0.000124,2.48,-4.0,181.0,189.0,0.0005009999999999999
2021-09-04 03:49:15,0.000123,2.47,-4.0,181.0,190.0,0.0005009999999999999
2021-09-04 03:50:16,0.000123,2.49,-4.0,181.0,189.0,0.0005009999999999999
2021-09-04 03:51:17,0.000122,2.49,-4.0,181.0,189.0,0.0005009999999999999
2021-09-04 03:52:17,0.000121,2.44,-4.0,181.0,189.0,0.0005009999999999999
2021-09-04 03:53:18,0.00011999999999999999,2.5,-4.0,181.0,189.0,0.0005009999999999999
2021-09-04 03:54:19,0.00011899999999999999,2.48,-4.0,181.0,189.0,0.0005009999999999999
2021-09-04 03:55:19,0.000118,2.47,-4.0,181.0,189.0,0.0005009999999999999
2021-09-04 03:56:20,0.000117,2.47,-4.0,181.0,189.0,0.0005009999999999999
2021-09-04 03:57:21,0.00011599999999999999,2.47,-4.0,181.0,190.0,0.0005009999999999999
2021-09-04 03:58:21,0.00011499999999999999,2.46,-4.0,181.0,190.0,0.0005009999999999999
2021-09-04 03:59:22,0.00011399999999999999,2.48,-4.0,181.0,190.0,0.0005009999999999999
2021-09-04 04:00:23,0.000113,2.48,-4.0,182.0,189.0,0.0005009999999999999
2021-09-04 04:01:23,0.00011100000000000001,2.46,-4.0,181.0,189.0,0.0005009999999999999
2021-09-04 04:02:24,0.00011,2.49,-4.0,181.0,189.0,0.0005009999999999999
2021-09-04 04:03:25,0.00010800000000000001,2.47,-4.0,181.0,189.0,0.0005009999999999999
2021-09-04 04:04:26,0.00010700000000000001,2.49,-4.0,181.0,189.0,0.0005009999999999999
2021-09-04 04:05:26,0.000106,2.47,-4.0,181.0,189.0,0.0005009999999999999
2021-09-04 04:06:27,0.000105,2.46,-4.0,181.0,189.0,0.0005009999999999999
2021-09-04 04:07:28,0.00010400000000000001,2.48,-4.0,181.0,189.0,0.0005009999999999999
2021-09-04 04:08:28,0.000103,2.49,-4.0,181.0,189.0,0.0005009999999999999
2021-09-04 04:09:29,0.000102,2.48,-4.0,181.0,189.0,0.0005009999999999999
2021-09-04 04:10:30,0.000101,2.47,-4.0,181.0,189.0,0.0005009999999999999
2021-09-04 04:11:31,0.000101,2.48,-4.0,181.0,189.0,0.0005009999999999999
2021-09-04 04:12:31,0.0001,2.46,-4.0,181.0,189.0,0.0005009999999999999
2021-09-04 04:13:32,9.88e-05,2.47,-4.0,181.0,189.0,0.0005009999999999999
2021-09-04 04:14:32,9.8e-05,2.51,-4.0,181.0,190.0,0.0005009999999999999
2021-09-04 04:15:33,9.67e-05,2.48,-4.0,181.0,189.0,0.0005009999999999999
2021-09-04 04:16:34,9.559999999999999e-05,2.48,-4.0,181.0,189.0,0.0005009999999999999
2021-09-04 04:17:34,9.49e-05,2.46,-4.0,181.0,189.0,0.0005009999999999999
2021-09-04 04:18:35,9.37e-05,2.48,-4.0,181.0,190.0,0.0005009999999999999
2021-09-04 04:19:36,9.27e-05,2.48,-4.0,181.0,189.0,0.0005009999999999999
2021-09-04 04:20:37,9.18e-05,2.49,-4.0,181.0,189.0,0.0005009999999999999
2021-09-04 04:21:38,9.1e-05,2.49,-4.0,181.0,189.0,0.0005009999999999999
2021-09-04 04:22:38,9.03e-05,2.47,-4.0,181.0,189.0,0.0005009999999999999
2021-09-04 04:23:39,8.99e-05,2.48,-4.0,181.0,189.0,0.0005009999999999999
2021-09-04 04:24:39,8.89e-05,2.47,-4.0,181.0,190.0,0.0005009999999999999
2021-09-04 04:25:40,8.83e-05,2.47,-4.0,181.0,189.0,0.0005009999999999999
2021-09-04 04:26:41,8.759999999999999e-05,2.5,-4.0,181.0,189.0,0.0005009999999999999
2021-09-04 04:27:42,8.7e-05,2.46,-4.0,181.0,189.0,0.0005009999999999999
2021-09-04 04:28:42,8.62e-05,2.47,-4.0,181.0,189.0,0.0005009999999999999
2021-09-04 04:29:43,8.58e-05,2.46,-4.0,181.0,190.0,0.0005009999999999999
2021-09-04 04:30:44,8.540000000000002e-05,2.49,-4.0,181.0,190.0,0.0005009999999999999
2021-09-04 04:31:44,8.46e-05,2.47,-4.0,181.0,189.0,0.0005009999999999999
2021-09-04 04:32:45,8.379999999999999e-05,2.48,-4.0,181.0,189.0,0.0005009999999999999
2021-09-04 04:33:45,8.32e-05,2.46,-4.0,181.0,189.0,0.0005009999999999999
2021-09-04 04:34:46,8.25e-05,2.48,-4.0,181.0,189.0,0.0005009999999999999
2021-09-04 04:35:47,8.18e-05,2.47,-4.0,181.0,189.0,0.0005009999999999999
2021-09-04 04:36:47,8.1e-05,2.51,-4.0,181.0,189.0,0.0005009999999999999
2021-09-04 04:37:48,8.01e-05,2.48,-4.0,181.0,189.0,0.0005009999999999999
2021-09-04 04:38:49,7.97e-05,2.47,-4.0,181.0,189.0,0.0005009999999999999
2021-09-04 04:39:50,7.890000000000001e-05,2.48,-4.0,181.0,190.0,0.0005009999999999999
2021-09-04 04:40:50,7.809999999999999e-05,2.5,-4.0,181.0,189.0,0.0005009999999999999
2021-09-04 04:41:51,7.759999999999999e-05,2.49,-4.0,181.0,189.0,0.0005009999999999999
2021-09-04 04:42:52,7.69e-05,2.48,-4.0,181.0,189.0,0.0005009999999999999
2021-09-04 04:43:53,7.659999999999999e-05,2.48,-4.0,181.0,190.0,0.0005009999999999999
2021-09-04 04:44:53,7.609999999999999e-05,2.47,-4.0,181.0,189.0,0.0005009999999999999
2021-09-04 04:45:54,7.58e-05,2.48,-4.0,181.0,189.0,0.0005009999999999999
2021-09-04 04:46:55,7.46e-05,2.49,-4.0,181.0,189.0,0.0005009999999999999
2021-09-04 04:47:55,7.43e-05,2.5,-4.0,181.0,189.0,0.0005009999999999999
2021-09-04 04:48:56,7.37e-05,2.49,-4.0,181.0,189.0,0.0005009999999999999
2021-09-04 04:49:57,7.290000000000001e-05,2.48,-4.0,181.0,189.0,0.0005009999999999999
2021-09-04 04:50:58,7.209999999999999e-05,2.47,-4.0,181.0,190.0,0.0005009999999999999
2021-09-04 04:51:58,7.170000000000001e-05,2.49,-4.0,181.0,189.0,0.0005009999999999999
2021-09-04 04:52:59,7.099999999999999e-05,2.46,-4.0,181.0,189.0,0.0005009999999999999
2021-09-04 04:54:00,7.049999999999999e-05,2.48,-4.0,181.0,189.0,0.0005009999999999999
2021-09-04 04:55:00,6.99e-05,2.47,-4.0,181.0,189.0,0.0005009999999999999
2021-09-04 04:56:01,6.96e-05,2.49,-4.0,181.0,189.0,0.0005009999999999999
2021-09-04 04:57:02,6.890000000000001e-05,2.49,-4.0,181.0,189.0,0.0005009999999999999
2021-09-04 04:58:03,6.829999999999999e-05,2.47,-4.0,181.0,189.0,0.0005009999999999999
2021-09-04 04:59:03,6.8e-05,2.49,-4.0,181.0,189.0,0.0005009999999999999
2021-09-04 05:00:04,6.75e-05,2.49,-4.0,181.0,189.0,0.0005009999999999999
2021-09-04 05:01:05,6.7e-05,2.48,-4.0,181.0,190.0,0.0005009999999999999
2021-09-04 05:02:05,6.65e-05,2.47,-4.0,181.0,189.0,0.0005009999999999999
2021-09-04 05:03:06,6.59e-05,2.49,-4.0,181.0,189.0,0.0005009999999999999
2021-09-04 05:04:07,6.59e-05,2.47,-5.0,181.0,189.0,0.0005009999999999999
2021-09-04 05:05:08,6.51e-05,2.47,-5.0,181.0,189.0,0.0005009999999999999
2021-09-04 05:06:08,6.51e-05,2.47,-4.0,181.0,189.0,0.0005009999999999999
2021-09-04 05:07:09,6.440000000000001e-05,2.48,-4.0,181.0,189.0,0.0005009999999999999
2021-09-04 05:08:10,6.4e-05,2.48,-4.0,181.0,190.0,0.0005009999999999999
2021-09-04 05:09:11,6.39e-05,2.48,-5.0,181.0,189.0,0.0005009999999999999
2021-09-04 05:10:11,6.4e-05,2.48,-4.0,181.0,189.0,0.0005009999999999999
2021-09-04 05:11:12,6.440000000000001e-05,2.48,-4.0,181.0,189.0,0.0005009999999999999
2021-09-04 05:12:13,6.48e-05,2.46,-4.0,181.0,189.0,0.0005009999999999999
2021-09-04 05:13:13,6.440000000000001e-05,2.48,-4.0,181.0,189.0,0.0005009999999999999
2021-09-04 05:14:14,6.39e-05,2.48,-4.0,181.0,189.0,0.0005009999999999999
2021-09-04 05:15:15,6.35e-05,2.49,-4.0,181.0,189.0,0.0005009999999999999
2021-09-04 05:16:16,6.3e-05,2.48,-4.0,181.0,190.0,0.0005009999999999999
2021-09-04 05:17:16,6.28e-05,2.47,-4.0,181.0,189.0,0.0005009999999999999
2021-09-04 05:18:17,6.24e-05,2.46,-4.0,181.0,189.0,0.0005009999999999999
2021-09-04 05:19:17,6.19e-05,2.45,-4.0,181.0,190.0,0.0005009999999999999
2021-09-04 05:20:18,6.15e-05,2.48,-4.0,181.0,189.0,0.0005009999999999999
2021-09-04 05:21:19,6.08e-05,2.47,-4.0,181.0,190.0,0.0005009999999999999
2021-09-04 05:22:19,6.01e-05,2.45,-4.0,181.0,190.0,0.0005009999999999999
2021-09-04 05:23:20,5.9999999999999995e-05,2.48,-4.0,181.0,189.0,0.0005009999999999999
2021-09-04 05:24:21,5.9e-05,2.48,-4.0,181.0,189.0,0.0005009999999999999
2021-09-04 05:25:21,5.8299999999999994e-05,2.49,-4.0,181.0,189.0,0.0005009999999999999
2021-09-04 05:26:22,5.8200000000000005e-05,2.48,-4.0,181.0,189.0,0.0005009999999999999
2021-09-04 05:27:23,5.739999999999999e-05,2.47,-4.0,181.0,190.0,0.0005009999999999999
2021-09-04 05:28:24,5.720000000000001e-05,2.46,-4.0,181.0,189.0,0.0005009999999999999
2021-09-04 05:29:24,5.6999999999999996e-05,2.46,-4.0,181.0,189.0,0.0005009999999999999
2021-09-04 05:30:25,5.629999999999999e-05,2.46,-4.0,181.0,189.0,0.0005009999999999999
2021-09-04 05:31:26,5.59e-05,2.44,-4.0,181.0,189.0,0.0005009999999999999
2021-09-04 05:32:26,5.5700000000000005e-05,2.47,-5.0,181.0,190.0,0.0005009999999999999
2021-09-04 05:33:27,5.5299999999999996e-05,2.48,-4.0,181.0,189.0,0.0005009999999999999
2021-09-04 05:34:28,5.489999999999999e-05,2.44,-4.0,181.0,189.0,0.0005009999999999999
2021-09-04 05:35:28,5.47e-05,2.46,-4.0,181.0,189.0,0.0005009999999999999
2021-09-04 05:36:29,5.429999999999999e-05,2.46,-4.0,181.0,190.0,0.0005009999999999999
2021-09-04 05:37:30,5.42e-05,2.48,-4.0,181.0,189.0,0.0005009999999999999
2021-09-04 05:38:30,5.3700000000000004e-05,2.47,-4.0,181.0,189.0,0.0005009999999999999
2021-09-04 05:39:31,5.3400000000000004e-05,2.46,-4.0,181.0,189.0,0.0005009999999999999
2021-09-04 05:40:32,5.31e-05,2.47,-4.0,181.0,189.0,0.0005009999999999999
2021-09-04 05:41:32,5.2900000000000005e-05,2.48,-4.0,181.0,189.0,0.0005009999999999999
2021-09-04 05:42:33,5.24e-05,2.46,-4.0,181.0,189.0,0.0005009999999999999
2021-09-04 05:43:34,5.2000000000000004e-05,2.46,-4.0,181.0,189.0,0.0005009999999999999
2021-09-04 05:44:34,5.16e-05,2.47,-4.0,181.0,190.0,0.0005009999999999999
2021-09-04 05:45:35,5.12e-05,2.48,-4.0,181.0,189.0,0.0005009999999999999
2021-09-04 05:46:36,5.0900000000000004e-05,2.48,-4.0,181.0,189.0,0.0005009999999999999
2021-09-04 05:47:36,5.04e-05,2.45,-4.0,181.0,189.0,0.0005009999999999999
2021-09-04 05:48:37,5.02e-05,2.49,-4.0,181.0,190.0,0.0005009999999999999
2021-09-04 05:49:38,4.98e-05,2.45,-4.0,181.0,189.0,0.0005009999999999999
2021-09-04 05:50:38,4.94e-05,2.46,-4.0,181.0,189.0,0.0005009999999999999
2021-09-04 05:51:39,4.8899999999999996e-05,2.47,-4.0,181.0,189.0,0.0005009999999999999
2021-09-04 05:52:40,4.85e-05,2.47,-4.0,181.0,189.0,0.0005009999999999999
2021-09-04 05:53:41,4.84e-05,2.5,-4.0,181.0,189.0,0.0005009999999999999
2021-09-04 05:54:41,4.8e-05,2.48,-4.0,181.0,189.0,0.0005009999999999999
2021-09-04 05:55:42,4.7799999999999996e-05,2.48,-4.0,181.0,189.0,0.0005009999999999999
2021-09-04 05:56:42,4.7600000000000005e-05,2.48,-4.0,181.0,189.0,0.0005009999999999999
2021-09-04 05:57:43,4.72e-05,2.48,-4.0,181.0,189.0,0.0005009999999999999
2021-09-04 05:58:44,4.6899999999999995e-05,2.49,-4.0,181.0,189.0,0.0005009999999999999
2021-09-04 05:59:44,4.68e-05,2.48,-4.0,181.0,189.0,0.0005009999999999999
2021-09-04 06:00:45,4.6500000000000005e-05,2.46,-4.0,181.0,190.0,0.0005009999999999999
2021-09-04 06:01:45,4.6399999999999996e-05,2.47,-4.0,181.0,189.0,0.0005009999999999999
2021-09-04 06:02:46,4.6299999999999994e-05,2.48,-4.0,181.0,189.0,0.0005009999999999999
2021-09-04 06:03:47,4.57e-05,2.49,-4.0,181.0,189.0,0.0005009999999999999
2021-09-04 06:04:47,4.54e-05,2.47,-4.0,181.0,189.0,0.0005009999999999999
2021-09-04 06:05:48,4.52e-05,2.47,-4.0,181.0,189.0,0.0005009999999999999
2021-09-04 06:06:49,4.48e-05,2.5,-4.0,181.0,189.0,0.0005009999999999999
2021-09-04 06:07:50,4.46e-05,2.45,-4.0,181.0,189.0,0.0005009999999999999
2021-09-04 06:08:50,4.4200000000000004e-05,2.48,-4.0,181.0,189.0,0.0005009999999999999
2021-09-04 06:09:51,4.4e-05,2.48,-4.0,181.0,189.0,0.0005009999999999999
2021-09-04 06:10:52,4.36e-05,2.47,-4.0,181.0,190.0,0.0005009999999999999
2021-09-04 06:11:52,4.34e-05,2.46,-4.0,181.0,189.0,0.0005009999999999999
2021-09-04 06:12:53,4.31e-05,2.5,-5.0,181.0,189.0,0.0005009999999999999
2021-09-04 06:13:54,4.270000000000001e-05,2.48,-4.0,181.0,189.0,0.0005009999999999999
2021-09-04 06:14:55,4.2499999999999996e-05,2.47,-4.0,181.0,189.0,0.0005009999999999999
2021-09-04 06:15:55,4.31e-05,2.5,-4.0,181.0,189.0,0.0005009999999999999
2021-09-04 06:16:56,4.23e-05,2.48,-4.0,181.0,189.0,0.0005009999999999999
2021-09-04 06:17:57,4.210000000000001e-05,2.48,-4.0,181.0,190.0,0.0005009999999999999
2021-09-04 06:18:57,6.25e-05,2.46,-4.0,181.0,189.0,0.0005009999999999999
2021-09-04 06:19:58,4.71e-05,2.51,-4.0,181.0,189.0,0.0005009999999999999
2021-09-04 06:20:59,4.6899999999999995e-05,2.5,-4.0,181.0,189.0,0.0005009999999999999
2021-09-04 06:21:59,4.6299999999999994e-05,2.48,-4.0,181.0,189.0,0.0005009999999999999
2021-09-04 06:23:00,4.61e-05,2.47,-4.0,181.0,189.0,0.0005009999999999999
2021-09-04 06:24:01,4.5799999999999995e-05,2.48,-4.0,181.0,189.0,0.0005009999999999999
2021-09-04 06:25:01,4.5600000000000004e-05,2.48,-4.0,181.0,189.0,0.0005009999999999999
2021-09-04 06:26:02,4.5299999999999997e-05,2.47,-4.0,181.0,189.0,0.0005009999999999999
2021-09-04 06:27:03,4.51e-05,2.5,-5.0,181.0,189.0,0.0005009999999999999
2021-09-04 06:28:03,4.5799999999999995e-05,2.48,-4.0,181.0,189.0,0.0005009999999999999
2021-09-04 06:29:04,4.45e-05,2.5,-4.0,181.0,190.0,0.0005009999999999999
2021-09-04 06:30:05,4.429999999999999e-05,2.47,-4.0,181.0,189.0,0.0005009999999999999
2021-09-04 06:31:05,4.39e-05,2.46,-4.0,181.0,189.0,0.0005009999999999999
2021-09-04 06:32:06,4.3799999999999994e-05,2.46,-4.0,181.0,189.0,0.0005009999999999999
2021-09-04 06:33:07,4.36e-05,2.48,-4.0,181.0,189.0,0.0005009999999999999
2021-09-04 06:34:07,4.35e-05,2.5,-4.0,181.0,189.0,0.0005009999999999999
2021-09-04 06:35:08,4.35e-05,2.49,-4.0,181.0,189.0,0.0005009999999999999
2021-09-04 06:36:09,4.35e-05,2.49,-4.0,181.0,189.0,0.0005009999999999999
2021-09-04 06:37:09,4.35e-05,2.5,-4.0,181.0,189.0,0.0005009999999999999
2021-09-04 06:38:10,4.31e-05,2.46,-4.0,181.0,189.0,0.0005009999999999999
2021-09-04 06:39:11,4.26e-05,2.47,-4.0,181.0,189.0,0.0005009999999999999
2021-09-04 06:40:12,4.23e-05,2.49,-4.0,181.0,189.0,0.0005009999999999999
2021-09-04 06:41:12,4.22e-05,2.48,-4.0,181.0,190.0,0.0005009999999999999
2021-09-04 06:42:13,4.18e-05,2.48,-4.0,181.0,190.0,0.0005009999999999999
2021-09-04 06:43:14,4.15e-05,2.49,-4.0,181.0,189.0,0.0005009999999999999
2021-09-04 06:44:14,4.15e-05,2.47,-4.0,181.0,190.0,0.0005009999999999999
2021-09-04 06:45:15,4.1e-05,2.47,-4.0,181.0,189.0,0.0005009999999999999
2021-09-04 06:46:16,4.0799999999999996e-05,2.46,-4.0,181.0,190.0,0.0005009999999999999
2021-09-04 06:47:16,4.0600000000000004e-05,2.48,-4.0,181.0,190.0,0.0005009999999999999
2021-09-04 06:48:17,4.03e-05,2.46,-4.0,181.0,189.0,0.0005009999999999999
2021-09-04 06:49:17,4.03e-05,2.48,-4.0,181.0,189.0,0.0005009999999999999
2021-09-04 06:50:18,4e-05,2.48,-4.0,181.0,190.0,0.0005009999999999999
2021-09-04 06:51:19,3.98e-05,2.47,-4.0,181.0,190.0,0.0005009999999999999
2021-09-04 06:52:20,3.96e-05,2.52,-4.0,181.0,189.0,0.0005009999999999999
2021-09-04 06:53:20,4.03e-05,2.51,-4.0,181.0,190.0,0.0005009999999999999
2021-09-04 06:54:21,3.9399999999999995e-05,2.49,-4.0,181.0,190.0,0.0005009999999999999
2021-09-04 06:55:22,3.9200000000000004e-05,2.47,-4.0,181.0,189.0,0.0005009999999999999
2021-09-04 06:56:22,3.91e-05,2.48,-4.0,181.0,189.0,0.0005009999999999999
2021-09-04 06:57:23,3.8799999999999994e-05,2.49,-4.0,181.0,189.0,0.0005009999999999999
2021-09-04 06:58:24,3.86e-05,2.48,-4.0,181.0,189.0,0.0005009999999999999
2021-09-04 06:59:25,3.84e-05,2.48,-4.0,181.0,189.0,0.0005009999999999999
2021-09-04 07:00:25,3.81e-05,2.48,-4.0,181.0,189.0,0.0005009999999999999
2021-09-04 07:01:26,3.8e-05,2.46,-4.0,181.0,189.0,0.0005009999999999999
2021-09-04 07:02:26,3.82e-05,2.48,-4.0,181.0,190.0,0.0005009999999999999
2021-09-04 07:03:27,3.77e-05,2.5,-5.0,181.0,189.0,0.0005009999999999999
2021-09-04 07:04:28,3.75e-05,2.49,-4.0,181.0,189.0,0.0005009999999999999
2021-09-04 07:05:29,3.73e-05,2.45,-4.0,181.0,189.0,0.0005009999999999999
2021-09-04 07:06:29,3.73e-05,2.48,-4.0,181.0,189.0,0.0005009999999999999
2021-09-04 07:07:30,3.71e-05,2.5,-4.0,181.0,189.0,0.0005009999999999999
2021-09-04 07:08:31,3.69e-05,2.48,-4.0,181.0,190.0,0.0005009999999999999
2021-09-04 07:09:31,3.68e-05,2.47,-4.0,181.0,189.0,0.0005009999999999999
2021-09-04 07:10:32,3.68e-05,2.47,-4.0,181.0,190.0,0.0005009999999999999
2021-09-04 07:11:33,3.65e-05,2.46,-5.0,181.0,189.0,0.0005009999999999999
2021-09-04 07:12:34,3.64e-05,2.47,-4.0,181.0,189.0,0.0005009999999999999
2021-09-04 07:13:34,3.6200000000000006e-05,2.48,-4.0,181.0,189.0,0.0005009999999999999
2021-09-04 07:14:35,3.6200000000000006e-05,2.48,-4.0,181.0,189.0,0.0005009999999999999
2021-09-04 07:15:36,3.59e-05,2.46,-4.0,181.0,189.0,0.0005009999999999999
2021-09-04 07:16:36,3.5799999999999996e-05,2.47,-4.0,181.0,189.0,0.0005009999999999999
2021-09-04 07:17:37,3.5600000000000005e-05,2.48,-4.0,181.0,189.0,0.0005009999999999999
2021-09-04 07:18:38,3.5499999999999996e-05,2.48,-4.0,181.0,189.0,0.0005009999999999999
2021-09-04 07:19:39,3.53e-05,2.44,-4.0,181.0,189.0,0.0005009999999999999
2021-09-04 07:20:39,3.52e-05,2.47,-4.0,181.0,189.0,0.0005009999999999999
2021-09-04 07:21:40,3.5e-05,2.48,-4.0,181.0,189.0,0.0005009999999999999
2021-09-04 07:22:41,3.4899999999999995e-05,2.48,-4.0,181.0,189.0,0.0005009999999999999
2021-09-04 07:23:41,3.47e-05,2.49,-4.0,181.0,189.0,0.0005009999999999999
2021-09-04 07:24:42,3.47e-05,2.47,-4.0,181.0,189.0,0.0005009999999999999
2021-09-04 07:25:43,3.46e-05,2.48,-4.0,181.0,189.0,0.0005009999999999999
2021-09-04 07:26:43,3.43e-05,2.5,-4.0,181.0,190.0,0.0005009999999999999
2021-09-04 07:27:44,3.4200000000000005e-05,2.46,-4.0,181.0,189.0,0.0005009999999999999
2021-09-04 07:28:45,3.4200000000000005e-05,2.46,-4.0,181.0,189.0,0.0005009999999999999
2021-09-04 07:29:46,3.41e-05,2.48,-4.0,181.0,189.0,0.0005009999999999999
2021-09-04 07:30:46,3.39e-05,2.48,-4.0,181.0,189.0,0.0005009999999999999
2021-09-04 07:31:47,3.3799999999999995e-05,2.5,-4.0,181.0,189.0,0.0005009999999999999
2021-09-04 07:32:48,3.37e-05,2.47,-4.0,181.0,189.0,0.0005009999999999999
2021-09-04 07:33:48,3.35e-05,2.5,-4.0,181.0,189.0,0.0005009999999999999
2021-09-04 07:34:49,3.35e-05,2.47,-4.0,181.0,189.0,0.0005009999999999999
2021-09-04 07:35:50,3.3299999999999996e-05,2.47,-4.0,181.0,189.0,0.0005009999999999999
2021-09-04 07:36:50,3.3100000000000005e-05,2.46,-4.0,181.0,189.0,0.0005009999999999999
2021-09-04 07:37:51,3.289999999999999e-05,2.48,-5.0,181.0,189.0,0.0005009999999999999
2021-09-04 07:38:51,3.289999999999999e-05,2.47,-4.0,181.0,189.0,0.0005009999999999999
2021-09-04 07:39:52,3.24e-05,2.48,-4.0,181.0,189.0,0.0005009999999999999
2021-09-04 07:40:53,3.229999999999999e-05,2.46,-4.0,181.0,189.0,0.0005009999999999999
2021-09-04 07:41:53,3.28e-05,2.47,-4.0,181.0,189.0,0.0005009999999999999
2021-09-04 07:42:54,3.2200000000000003e-05,2.5,-4.0,181.0,189.0,0.0005009999999999999
2021-09-04 07:43:55,3.2e-05,2.47,-4.0,181.0,190.0,0.0005009999999999999
2021-09-04 07:44:55,3.19e-05,2.46,-4.0,181.0,189.0,0.0005009999999999999
2021-09-04 07:45:56,3.18e-05,2.46,-4.0,181.0,189.0,0.0005009999999999999
2021-09-04 07:46:57,3.2e-05,2.49,-4.0,181.0,189.0,0.0005009999999999999
2021-09-04 07:47:57,3.17e-05,2.43,-4.0,181.0,189.0,0.0005009999999999999
2021-09-04 07:48:58,3.16e-05,2.5,-4.0,181.0,189.0,0.0005009999999999999
2021-09-04 07:49:59,3.14e-05,2.48,-4.0,181.0,189.0,0.0005009999999999999
2021-09-04 07:50:59,3.17e-05,2.49,-4.0,181.0,189.0,0.0005009999999999999
2021-09-04 07:52:00,3.14e-05,2.47,-4.0,181.0,189.0,0.0005009999999999999
2021-09-04 07:53:00,3.12e-05,2.48,-4.0,181.0,189.0,0.0005009999999999999
2021-09-04 07:54:01,3.1e-05,2.49,-4.0,181.0,189.0,0.0005009999999999999
2021-09-04 07:55:02,3.09e-05,2.45,-4.0,181.0,189.0,0.0005009999999999999
2021-09-04 07:56:02,3.07e-05,2.48,-4.0,181.0,189.0,0.0005009999999999999
2021-09-04 07:57:03,3.0799999999999996e-05,2.48,-4.0,181.0,189.0,0.0005009999999999999
2021-09-04 07:58:04,3.05e-05,2.46,-4.0,181.0,190.0,0.0005009999999999999
2021-09-04 07:59:04,3.0299999999999998e-05,2.48,-4.0,181.0,189.0,0.0005009999999999999
2021-09-04 08:00:05,3.0299999999999998e-05,2.5,-4.0,181.0,189.0,0.0005009999999999999
2021-09-04 08:01:06,3.0299999999999998e-05,2.49,-4.0,181.0,190.0,0.0005009999999999999
2021-09-04 08:02:06,3.01e-05,2.48,-4.0,181.0,190.0,0.0005009999999999999
2021-09-04 08:03:07,2.9999999999999997e-05,2.46,-4.0,181.0,189.0,0.0005009999999999999
2021-09-04 08:04:08,2.99e-05,2.47,-4.0,181.0,189.0,0.0005009999999999999
2021-09-04 08:05:09,2.97e-05,2.46,-4.0,181.0,189.0,0.0005009999999999999
2021-09-04 08:06:09,3.0799999999999996e-05,2.46,-4.0,181.0,189.0,0.0005009999999999999
2021-09-04 08:07:10,2.9600000000000005e-05,2.48,-4.0,181.0,189.0,0.0005009999999999999
2021-09-04 08:08:10,2.94e-05,2.48,-4.0,181.0,189.0,0.0005009999999999999
2021-09-04 08:09:11,2.9199999999999998e-05,2.49,-4.0,181.0,190.0,0.0005009999999999999
2021-09-04 08:10:12,2.9100000000000003e-05,2.46,-4.0,181.0,189.0,0.0005009999999999999
2021-09-04 08:11:12,2.8999999999999997e-05,2.48,-4.0,181.0,189.0,0.0005009999999999999
2021-09-04 08:12:13,2.8899999999999998e-05,2.49,-4.0,181.0,189.0,0.0005009999999999999
2021-09-04 08:13:14,2.8800000000000002e-05,2.48,-4.0,181.0,189.0,0.0005009999999999999
2021-09-04 08:14:14,2.8699999999999996e-05,2.46,-4.0,181.0,189.0,0.0005009999999999999
2021-09-04 08:15:15,2.8600000000000004e-05,2.46,-4.0,181.0,189.0,0.0005009999999999999
2021-09-04 08:16:16,2.84e-05,2.49,-4.0,181.0,189.0,0.0005009999999999999
2021-09-04 08:17:16,2.8199999999999998e-05,2.52,-4.0,181.0,189.0,0.0005009999999999999
2021-09-04 08:18:17,2.8100000000000002e-05,2.47,-4.0,181.0,189.0,0.0005009999999999999
2021-09-04 08:19:18,2.8000000000000003e-05,2.49,-4.0,181.0,189.0,0.0005009999999999999
2021-09-04 08:20:18,2.8999999999999997e-05,2.47,-4.0,181.0,189.0,0.0005009999999999999
2021-09-04 08:21:19,2.7699999999999996e-05,2.46,-4.0,181.0,189.0,0.0005009999999999999
2021-09-04 08:22:20,2.75e-05,2.51,-4.0,181.0,189.0,0.0005009999999999999
2021-09-04 08:23:20,2.7399999999999995e-05,2.47,-4.0,181.0,189.0,0.0005009999999999999
2021-09-04 08:24:21,2.7399999999999995e-05,2.48,-4.0,181.0,189.0,0.0005009999999999999
2021-09-04 08:25:22,2.78e-05,2.48,-4.0,181.0,189.0,0.0005009999999999999
2021-09-04 08:26:22,2.7699999999999996e-05,2.48,-4.0,181.0,189.0,0.0005009999999999999
2021-09-04 08:27:23,2.7699999999999996e-05,2.47,-4.0,181.0,189.0,0.0005009999999999999
2021-09-04 08:28:24,2.75e-05,2.45,-5.0,181.0,189.0,0.0005009999999999999
2021-09-04 08:29:25,2.7399999999999995e-05,2.46,-4.0,181.0,189.0,0.0005009999999999999
2021-09-04 08:30:25,2.72e-05,2.46,-4.0,181.0,190.0,0.0005009999999999999
2021-09-04 08:31:26,2.71e-05,2.48,-4.0,181.0,189.0,0.0005009999999999999
2021-09-04 08:32:27,2.6899999999999997e-05,2.47,-4.0,181.0,189.0,0.0005009999999999999
2021-09-04 08:33:28,2.68e-05,2.49,-4.0,181.0,189.0,0.0005009999999999999
2021-09-04 08:34:28,2.6700000000000002e-05,2.46,-5.0,181.0,189.0,0.0005009999999999999
2021-09-04 08:35:29,2.9299999999999997e-05,2.47,-4.0,181.0,189.0,0.0005009999999999999
2021-09-04 08:36:30,2.65e-05,2.48,-4.0,181.0,189.0,0.0005009999999999999
2021-09-04 08:37:30,2.65e-05,2.49,-4.0,181.0,189.0,0.0005009999999999999
2021-09-04 08:38:31,2.6300000000000002e-05,2.47,-4.0,181.0,189.0,0.0005009999999999999
2021-09-04 08:39:31,2.62e-05,2.48,-5.0,181.0,189.0,0.0005009999999999999
2021-09-04 08:40:32,2.62e-05,2.47,-4.0,181.0,189.0,0.0005009999999999999
2021-09-04 08:41:33,2.62e-05,2.46,-4.0,181.0,189.0,0.0005009999999999999
2021-09-04 08:42:33,2.61e-05,2.49,-4.0,181.0,190.0,0.0005009999999999999
2021-09-04 08:43:34,2.61e-05,2.47,-4.0,181.0,189.0,0.0005009999999999999
2021-09-04 08:44:35,2.6000000000000002e-05,2.48,-4.0,181.0,190.0,0.0005009999999999999
2021-09-04 08:45:35,2.61e-05,2.47,-4.0,181.0,189.0,0.0005009999999999999
2021-09-04 08:46:36,2.6000000000000002e-05,2.48,-4.0,181.0,189.0,0.0005009999999999999
2021-09-04 08:47:37,2.59e-05,2.48,-4.0,181.0,190.0,0.0005009999999999999
2021-09-04 08:48:38,2.58e-05,2.47,-4.0,181.0,189.0,0.0005009999999999999
2021-09-04 08:49:38,2.59e-05,2.47,-4.0,181.0,189.0,0.0005009999999999999
2021-09-04 08:50:39,2.57e-05,2.48,-4.0,181.0,189.0,0.0005009999999999999
2021-09-04 08:51:39,2.56e-05,2.47,-4.0,181.0,189.0,0.0005009999999999999
2021-09-04 08:52:40,2.56e-05,2.48,-4.0,181.0,189.0,0.0005009999999999999
2021-09-04 08:53:41,2.56e-05,2.49,-4.0,181.0,189.0,0.0005009999999999999
2021-09-04 08:54:42,2.65e-05,2.47,-4.0,181.0,189.0,0.0005009999999999999
2021-09-04 08:55:42,2.54e-05,2.49,-4.0,181.0,189.0,0.0005009999999999999
2021-09-04 08:56:43,2.5300000000000002e-05,2.46,-4.0,181.0,189.0,0.0005009999999999999
2021-09-04 08:57:44,2.52e-05,2.49,-5.0,181.0,189.0,0.0005009999999999999
2021-09-04 08:58:44,2.52e-05,2.44,-5.0,181.0,189.0,0.0005009999999999999
2021-09-04 08:59:45,2.52e-05,2.47,-4.0,181.0,190.0,0.0005009999999999999
2021-09-04 09:00:45,2.52e-05,2.46,-4.0,181.0,189.0,0.0005009999999999999
2021-09-04 09:01:46,2.52e-05,2.49,-4.0,181.0,189.0,0.0005009999999999999
2021-09-04 09:02:47,2.52e-05,2.51,-4.0,181.0,189.0,0.0005009999999999999
2021-09-04 09:03:47,2.52e-05,2.46,-4.0,181.0,189.0,0.0005009999999999999
2021-09-04 09:04:48,2.52e-05,2.49,-4.0,181.0,189.0,0.0005009999999999999
2021-09-04 09:05:49,2.5e-05,2.46,-4.0,181.0,189.0,0.0005009999999999999
2021-09-04 09:06:49,2.5e-05,2.47,-4.0,181.0,190.0,0.0005009999999999999
2021-09-04 09:07:50,2.49e-05,2.5,-4.0,181.0,189.0,0.0005009999999999999
2021-09-04 09:08:51,2.48e-05,2.46,-4.0,181.0,190.0,0.0005009999999999999
2021-09-04 09:09:51,2.48e-05,2.5,-4.0,181.0,189.0,0.0005009999999999999
2021-09-04 09:10:52,2.47e-05,2.47,-4.0,181.0,190.0,0.0005009999999999999
2021-09-04 09:11:53,2.47e-05,2.5,-4.0,181.0,190.0,0.0005009999999999999
2021-09-04 09:12:53,2.46e-05,2.49,-4.0,181.0,190.0,0.0005009999999999999
2021-09-04 09:13:54,2.36e-05,2.48,-4.0,181.0,189.0,0.0005009999999999999
2021-09-04 09:14:55,2.3899999999999998e-05,2.48,-4.0,181.0,189.0,0.0005009999999999999
2021-09-04 09:15:55,2.36e-05,2.47,-4.0,181.0,189.0,0.0005009999999999999
2021-09-04 09:16:56,2.36e-05,2.48,-4.0,181.0,189.0,0.0005009999999999999
2021-09-04 09:17:57,2.36e-05,2.47,-4.0,181.0,189.0,0.0005009999999999999
2021-09-04 09:18:58,2.36e-05,2.47,-4.0,181.0,189.0,0.0005009999999999999
2021-09-04 09:19:58,2.37e-05,2.45,-5.0,181.0,189.0,0.0005009999999999999
2021-09-04 09:20:59,2.36e-05,2.48,-4.0,181.0,190.0,0.0005009999999999999
2021-09-04 09:22:00,2.36e-05,2.48,-4.0,181.0,190.0,0.0005009999999999999
2021-09-04 09:23:00,2.35e-05,2.47,-4.0,181.0,189.0,0.0005009999999999999
2021-09-04 09:24:01,2.36e-05,2.48,-4.0,181.0,189.0,0.0005009999999999999
2021-09-04 09:25:02,2.33e-05,2.51,-4.0,181.0,189.0,0.0005009999999999999
2021-09-04 09:26:03,2.3100000000000002e-05,2.47,-4.0,181.0,189.0,0.0005009999999999999
2021-09-04 09:27:03,2.3e-05,2.47,-4.0,181.0,189.0,0.0005009999999999999
2021-09-04 09:28:04,2.2899999999999998e-05,2.46,-4.0,181.0,189.0,0.0005009999999999999
2021-09-04 09:29:05,2.3e-05,2.47,-4.0,181.0,189.0,0.0005009999999999999
2021-09-04 09:30:05,2.2899999999999998e-05,2.47,-4.0,181.0,189.0,0.0005009999999999999
2021-09-04 09:31:06,2.2899999999999998e-05,2.49,-4.0,181.0,189.0,0.0005009999999999999
2021-09-04 09:32:07,2.2800000000000002e-05,2.48,-4.0,181.0,189.0,0.0005009999999999999
2021-09-04 09:33:07,2.3199999999999998e-05,2.46,-4.0,181.0,189.0,0.0005009999999999999
2021-09-04 09:34:08,2.3e-05,2.5,-4.0,181.0,189.0,0.0005009999999999999
2021-09-04 09:35:09,2.2899999999999998e-05,2.51,-4.0,181.0,189.0,0.0005009999999999999
2021-09-04 09:36:09,2.2899999999999998e-05,2.48,-5.0,181.0,190.0,0.0005009999999999999
2021-09-04 09:37:10,2.2800000000000002e-05,2.49,-5.0,181.0,189.0,0.0005009999999999999
2021-09-04 09:38:11,2.2800000000000002e-05,2.46,-4.0,181.0,189.0,0.0005009999999999999
2021-09-04 09:39:11,2.27e-05,2.46,-4.0,181.0,189.0,0.0005009999999999999
2021-09-04 09:40:12,2.27e-05,2.47,-4.0,181.0,189.0,0.0005009999999999999
2021-09-04 09:41:12,2.27e-05,2.48,-4.0,181.0,189.0,0.0005009999999999999
2021-09-04 09:42:13,2.25e-05,2.48,-4.0,181.0,189.0,0.0005009999999999999
2021-09-04 09:43:14,2.25e-05,2.47,-4.0,181.0,189.0,0.0005009999999999999
2021-09-04 09:44:14,2.25e-05,2.47,-4.0,181.0,189.0,0.0005009999999999999
2021-09-04 09:45:15,2.24e-05,2.47,-4.0,181.0,189.0,0.0005009999999999999
2021-09-04 09:46:16,2.24e-05,2.45,-4.0,181.0,189.0,0.0005009999999999999
2021-09-04 09:47:17,2.23e-05,2.46,-4.0,181.0,189.0,0.0005009999999999999
2021-09-04 09:48:17,2.22e-05,2.45,-4.0,181.0,189.0,0.0005009999999999999
2021-09-04 09:49:18,2.23e-05,2.48,-4.0,181.0,189.0,0.0005009999999999999
2021-09-04 09:50:18,2.22e-05,2.46,-4.0,181.0,189.0,0.0005009999999999999
2021-09-04 09:51:19,2.22e-05,2.48,-4.0,181.0,189.0,0.0005009999999999999
2021-09-04 09:52:20,2.22e-05,2.47,-4.0,181.0,189.0,0.0005009999999999999
2021-09-04 09:53:20,2.22e-05,2.46,-4.0,181.0,189.0,0.0005009999999999999
2021-09-04 09:54:21,2.22e-05,2.48,-4.0,181.0,189.0,0.0005009999999999999
2021-09-04 09:55:22,2.22e-05,2.48,-5.0,181.0,189.0,0.0005009999999999999
2021-09-04 09:56:22,2.2100000000000002e-05,2.48,-4.0,181.0,189.0,0.0005009999999999999
2021-09-04 09:57:23,2.2100000000000002e-05,2.45,-4.0,181.0,189.0,0.0005009999999999999
2021-09-04 09:58:24,2.2100000000000002e-05,2.46,-4.0,181.0,190.0,0.0005009999999999999
2021-09-04 09:59:25,2.2100000000000002e-05,2.47,-4.0,181.0,189.0,0.0005009999999999999
2021-09-04 10:00:26,2.2e-05,2.46,-4.0,181.0,189.0,0.0005009999999999999
2021-09-04 10:01:26,2.1899999999999997e-05,2.47,-4.0,181.0,189.0,0.0005009999999999999
2021-09-04 10:02:27,2.1899999999999997e-05,2.47,-4.0,181.0,189.0,0.0005009999999999999
2021-09-04 10:03:28,2.18e-05,2.48,-4.0,181.0,189.0,0.0005009999999999999
2021-09-04 10:04:28,2.18e-05,2.49,-4.0,181.0,189.0,0.0005009999999999999
2021-09-04 10:05:29,2.1899999999999997e-05,2.46,-4.0,181.0,189.0,0.0005009999999999999
2021-09-04 10:06:30,2.17e-05,2.47,-5.0,181.0,189.0,0.0005009999999999999
2021-09-04 10:07:31,2.17e-05,2.48,-4.0,181.0,189.0,0.0005009999999999999
2021-09-04 10:08:31,2.17e-05,2.48,-4.0,181.0,189.0,0.0005009999999999999
2021-09-04 10:09:32,2.17e-05,2.46,-5.0,181.0,189.0,0.0005009999999999999
2021-09-04 10:10:33,2.1600000000000003e-05,2.46,-4.0,181.0,190.0,0.0005009999999999999
2021-09-04 10:11:33,2.1600000000000003e-05,2.49,-5.0,181.0,189.0,0.0005009999999999999
2021-09-04 10:12:34,2.15e-05,2.47,-4.0,181.0,189.0,0.0005009999999999999
2021-09-04 10:13:35,2.14e-05,2.46,-4.0,181.0,189.0,0.0005009999999999999
2021-09-04 10:14:35,2.15e-05,2.48,-4.0,181.0,189.0,0.0005009999999999999
2021-09-04 10:15:36,2.14e-05,2.47,-4.0,181.0,189.0,0.0005009999999999999
2021-09-04 10:16:37,2.13e-05,2.48,-4.0,181.0,189.0,0.0005009999999999999
2021-09-04 10:17:37,2.13e-05,2.48,-5.0,181.0,190.0,0.0005009999999999999
2021-09-04 10:18:38,2.12e-05,2.46,-4.0,181.0,189.0,0.0005009999999999999
2021-09-04 10:19:39,2.13e-05,2.46,-4.0,181.0,189.0,0.0005009999999999999
2021-09-04 10:20:39,2.11e-05,2.46,-5.0,181.0,189.0,0.0005009999999999999
2021-09-04 10:21:40,2.11e-05,2.48,-4.0,181.0,190.0,0.0005009999999999999
2021-09-04 10:22:41,2.11e-05,2.49,-4.0,181.0,189.0,0.0005009999999999999
2021-09-04 10:23:41,2.1e-05,2.46,-4.0,181.0,189.0,0.0005009999999999999
2021-09-04 10:24:42,2.1e-05,2.48,-4.0,181.0,189.0,0.0005009999999999999
2021-09-04 10:25:43,2.13e-05,2.47,-4.0,181.0,189.0,0.0005009999999999999
2021-09-04 10:26:43,2.09e-05,2.46,-4.0,181.0,189.0,0.0005009999999999999
2021-09-04 10:27:44,2.09e-05,2.47,-4.0,181.0,189.0,0.0005009999999999999
2021-09-04 10:28:45,2.09e-05,2.48,-5.0,181.0,190.0,0.0005009999999999999
2021-09-04 10:29:45,2.09e-05,2.46,-4.0,181.0,190.0,0.0005009999999999999
2021-09-04 10:30:46,2.11e-05,2.47,-4.0,181.0,190.0,0.0005009999999999999
2021-09-04 10:31:47,2.12e-05,2.46,-4.0,181.0,189.0,0.0005009999999999999
2021-09-04 10:32:48,2.11e-05,2.48,-4.0,181.0,189.0,0.0005009999999999999
2021-09-04 10:33:48,2.11e-05,2.48,-4.0,181.0,189.0,0.0005009999999999999
2021-09-04 10:34:49,2.1e-05,2.5,-4.0,181.0,190.0,0.0005009999999999999
2021-09-04 10:35:50,2.11e-05,2.51,-4.0,181.0,189.0,0.0005009999999999999
2021-09-04 10:36:51,2.11e-05,2.48,-4.0,181.0,189.0,0.0005009999999999999
2021-09-04 10:37:51,2.12e-05,2.48,-4.0,181.0,189.0,0.0005009999999999999
2021-09-04 10:38:52,2.0600000000000003e-05,2.46,-4.0,181.0,189.0,0.0005009999999999999
2021-09-04 10:39:52,2.12e-05,2.48,-4.0,181.0,189.0,0.0005009999999999999
2021-09-04 10:40:53,2.13e-05,2.48,-4.0,181.0,189.0,0.0005009999999999999
2021-09-04 10:41:54,2.13e-05,2.49,-4.0,181.0,189.0,0.0005009999999999999
2021-09-04 10:42:55,2.12e-05,2.48,-4.0,181.0,189.0,0.0005009999999999999
2021-09-04 10:43:55,2.11e-05,2.46,-4.0,181.0,189.0,0.0005009999999999999
2021-09-04 10:44:56,2.1e-05,2.47,-4.0,181.0,189.0,0.0005009999999999999
2021-09-04 10:45:56,2.09e-05,2.46,-4.0,181.0,189.0,0.0005009999999999999
2021-09-04 10:46:57,2.09e-05,2.47,-4.0,181.0,189.0,0.0005009999999999999
2021-09-04 10:47:58,2.11e-05,2.46,-4.0,181.0,190.0,0.0005009999999999999
2021-09-04 10:48:59,2.1e-05,2.44,-4.0,181.0,189.0,0.0005009999999999999
2021-09-04 10:49:59,2.0600000000000003e-05,2.48,-5.0,181.0,189.0,0.0005009999999999999
2021-09-04 10:51:00,2.07e-05,2.48,-4.0,181.0,189.0,0.0005009999999999999
2021-09-04 10:52:00,2.07e-05,2.46,-4.0,181.0,190.0,0.0005009999999999999
2021-09-04 10:53:01,2.0399999999999998e-05,2.45,-4.0,181.0,189.0,0.0005009999999999999
2021-09-04 10:54:02,2.0399999999999998e-05,2.48,-4.0,181.0,189.0,0.0005009999999999999
2021-09-04 10:55:03,2.0399999999999998e-05,2.49,-4.0,181.0,189.0,0.0005009999999999999
2021-09-04 10:56:03,2.0600000000000003e-05,2.46,-4.0,181.0,189.0,0.0005009999999999999
2021-09-04 10:57:04,2.0300000000000002e-05,2.47,-4.0,181.0,189.0,0.0005009999999999999
2021-09-04 10:58:05,2.0399999999999998e-05,2.46,-4.0,181.0,189.0,0.0005009999999999999
2021-09-04 10:59:05,2.0300000000000002e-05,2.47,-4.0,181.0,189.0,0.0005009999999999999
2021-09-04 11:00:06,2.0300000000000002e-05,2.48,-4.0,181.0,189.0,0.0005009999999999999
2021-09-04 11:01:07,2.0300000000000002e-05,2.47,-4.0,181.0,189.0,0.0005009999999999999
2021-09-04 11:02:07,2.02e-05,2.45,-4.0,181.0,189.0,0.0005009999999999999
2021-09-04 11:03:08,2.02e-05,2.46,-4.0,181.0,189.0,0.0005009999999999999
2021-09-04 11:04:08,2.01e-05,2.45,-4.0,181.0,189.0,0.0005009999999999999
2021-09-04 11:05:09,2.02e-05,2.48,-4.0,181.0,189.0,0.0005009999999999999
2021-09-04 11:06:10,1.99e-05,2.46,-4.0,181.0,189.0,0.0005009999999999999
2021-09-04 11:07:10,1.98e-05,2.46,-4.0,181.0,189.0,0.0005009999999999999
2021-09-04 11:08:11,1.98e-05,2.48,-4.0,181.0,189.0,0.0005009999999999999
2021-09-04 11:09:11,1.9699999999999998e-05,2.47,-4.0,181.0,189.0,0.0005009999999999999
2021-09-04 11:10:12,1.9699999999999998e-05,2.46,-4.0,181.0,189.0,0.0005009999999999999
2021-09-04 11:11:13,1.9600000000000002e-05,2.46,-4.0,181.0,189.0,0.0005009999999999999
2021-09-04 11:12:14,1.95e-05,2.47,-4.0,181.0,189.0,0.0005009999999999999
2021-09-04 11:13:14,1.95e-05,2.46,-4.0,181.0,189.0,0.0005009999999999999
2021-09-04 11:14:15,1.95e-05,2.49,-4.0,181.0,189.0,0.0005009999999999999
2021-09-04 11:15:16,1.9399999999999997e-05,2.48,-4.0,181.0,189.0,0.0005009999999999999
2021-09-04 11:16:16,1.9399999999999997e-05,2.47,-4.0,181.0,189.0,0.0005009999999999999
2021-09-04 11:17:17,1.9399999999999997e-05,2.47,-4.0,181.0,189.0,0.0005009999999999999
2021-09-04 11:18:18,1.9399999999999997e-05,2.47,-4.0,181.0,189.0,0.0005009999999999999
2021-09-04 11:19:18,1.9399999999999997e-05,2.49,-5.0,181.0,189.0,0.0005009999999999999
2021-09-04 11:20:19,2.0399999999999998e-05,2.48,-4.0,181.0,189.0,0.0005009999999999999
2021-09-04 11:21:19,1.9399999999999997e-05,2.46,-4.0,181.0,189.0,0.0005009999999999999
2021-09-04 11:22:20,1.93e-05,2.47,-4.0,181.0,189.0,0.0005009999999999999
2021-09-04 11:23:21,1.93e-05,2.48,-4.0,181.0,189.0,0.0005009999999999999
2021-09-04 11:24:21,1.93e-05,2.49,-4.0,181.0,190.0,0.0005009999999999999
2021-09-04 11:25:22,1.9399999999999997e-05,2.48,-4.0,181.0,189.0,0.0005009999999999999
2021-09-04 11:26:23,1.92e-05,2.46,-5.0,181.0,189.0,0.0005009999999999999
2021-09-04 11:27:23,1.92e-05,2.47,-4.0,181.0,189.0,0.0005009999999999999
2021-09-04 11:28:24,1.92e-05,2.48,-5.0,181.0,189.0,0.0005009999999999999
2021-09-04 11:29:25,1.91e-05,2.45,-4.0,181.0,189.0,0.0005009999999999999
2021-09-04 11:30:25,1.99e-05,2.44,-5.0,181.0,189.0,0.0005009999999999999
2021-09-04 11:31:26,1.92e-05,2.48,-4.0,181.0,189.0,0.0005009999999999999
2021-09-04 11:32:26,1.92e-05,2.47,-4.0,181.0,189.0,0.0005009999999999999
2021-09-04 11:33:27,1.92e-05,2.46,-4.0,181.0,189.0,0.0005009999999999999
2021-09-04 11:34:28,1.9399999999999997e-05,2.46,-4.0,181.0,189.0,0.0005009999999999999
2021-09-04 11:35:28,1.92e-05,2.48,-4.0,181.0,189.0,0.0005009999999999999
2021-09-04 11:36:29,1.93e-05,2.48,-4.0,181.0,189.0,0.0005009999999999999
2021-09-04 11:37:29,1.92e-05,2.46,-4.0,181.0,189.0,0.0005009999999999999
2021-09-04 11:38:30,1.92e-05,2.46,-4.0,181.0,189.0,0.0005009999999999999
2021-09-04 11:39:31,1.91e-05,2.48,-4.0,181.0,190.0,0.0005009999999999999
2021-09-04 11:40:32,1.91e-05,2.46,-4.0,181.0,189.0,0.0005009999999999999
2021-09-04 11:41:32,1.91e-05,2.47,-5.0,181.0,189.0,0.0005009999999999999
2021-09-04 11:42:33,1.9e-05,2.47,-4.0,181.0,189.0,0.0005009999999999999
2021-09-04 11:43:33,1.9e-05,2.47,-4.0,181.0,189.0,0.0005009999999999999
2021-09-04 11:44:34,1.9e-05,2.44,-4.0,181.0,189.0,0.0005009999999999999
2021-09-04 11:45:35,1.89e-05,2.46,-5.0,181.0,189.0,0.0005009999999999999
2021-09-04 11:46:35,1.89e-05,2.47,-4.0,181.0,189.0,0.0005009999999999999
2021-09-04 11:47:36,1.89e-05,2.45,-4.0,181.0,189.0,0.0005009999999999999
2021-09-04 11:48:37,1.89e-05,2.47,-4.0,181.0,189.0,0.0005009999999999999
2021-09-04 11:49:38,1.88e-05,2.44,-4.0,181.0,189.0,0.0005009999999999999
2021-09-04 11:50:38,1.88e-05,2.48,-4.0,181.0,189.0,0.0005009999999999999
2021-09-04 11:51:39,1.89e-05,2.48,-4.0,181.0,189.0,0.0005009999999999999
2021-09-04 11:52:40,1.89e-05,2.47,-5.0,181.0,189.0,0.0005009999999999999
2021-09-04 11:53:41,1.88e-05,2.49,-4.0,181.0,189.0,0.0005009999999999999
2021-09-04 11:54:41,1.88e-05,2.48,-4.0,181.0,189.0,0.0005009999999999999
2021-09-04 11:55:42,1.87e-05,2.46,-4.0,181.0,189.0,0.0005009999999999999
2021-09-04 11:56:43,1.87e-05,2.47,-4.0,181.0,190.0,0.0005009999999999999
2021-09-04 11:57:43,1.87e-05,2.46,-4.0,181.0,189.0,0.0005009999999999999
2021-09-04 11:58:44,1.87e-05,2.47,-4.0,181.0,189.0,0.0005009999999999999
2021-09-04 11:59:45,1.87e-05,2.46,-4.0,181.0,189.0,0.0005009999999999999
2021-09-04 12:00:45,1.87e-05,2.48,-4.0,181.0,189.0,0.0005009999999999999
2021-09-04 12:01:46,1.86e-05,2.45,-4.0,181.0,189.0,0.0005009999999999999
2021-09-04 12:02:47,1.85e-05,2.46,-4.0,181.0,189.0,0.0005009999999999999
2021-09-04 12:03:48,1.86e-05,2.45,-4.0,181.0,189.0,0.0005009999999999999
2021-09-04 12:04:48,1.85e-05,2.45,-5.0,181.0,189.0,0.0005009999999999999
2021-09-04 12:05:49,1.85e-05,2.47,-4.0,181.0,189.0,0.0005009999999999999
2021-09-04 12:06:50,1.84e-05,2.45,-4.0,181.0,189.0,0.0005009999999999999
2021-09-04 12:07:50,1.84e-05,2.46,-4.0,181.0,189.0,0.0005009999999999999
2021-09-04 12:08:51,1.84e-05,2.45,-4.0,181.0,189.0,0.0005009999999999999
2021-09-04 12:09:52,1.93e-05,2.46,-4.0,181.0,189.0,0.0005009999999999999
2021-09-04 12:10:53,1.84e-05,2.48,-4.0,181.0,189.0,0.0005009999999999999
2021-09-04 12:11:53,1.84e-05,2.47,-4.0,181.0,189.0,0.0005009999999999999
2021-09-04 12:12:54,1.84e-05,2.46,-4.0,181.0,189.0,0.0005009999999999999
2021-09-04 12:13:55,1.84e-05,2.47,-4.0,181.0,189.0,0.0005009999999999999
2021-09-04 12:14:56,1.84e-05,2.47,-4.0,181.0,189.0,0.0005009999999999999
